{
  "lexical_richness": {
    "mean": 4.026075022210189,
    "std": 2.278676848096239,
    "p10": 1.3967435103145291,
    "p90": 7.322307180851066
  },
  "syntactic_complexity": {
    "mean": 3.7601038692224695,
    "std": 2.2415659466573725,
    "p10": 1.1432515453070777,
    "p90": 6.8486724779136745
  },
  "novelty": {
    "mean": 4.089780772164645,
    "std": 2.2707010049297143,
    "p10": 1.30535929155451,
    "p90": 7.183993499174527
  },
  "imagery": {
    "mean": 2.455145398271543,
    "std": 2.4203269384665265,
    "p10": 0.0,
    "p90": 5.808771929824561
  },
  "narrative_dynamics": {
    "mean": 3.75626485605007,
    "std": 2.246148584656942,
    "p10": 1.1523114820668732,
    "p90": 6.8648160886345355
  },
  "composite_score": {
    "mean": 3.6339578287308925,
    "std": 1.2664024180234204,
    "p10": 2.089908539396243,
    "p90": 5.321422061942104
  }
}